haker_id,name
486,Rose
597,Angela
775,Frank
964,Patrick
1700,Lisa
1746,Kimberly
1755,Bonnie
1869,Michael
2380,Todd
2751,Joe
2938,Earl
3683,Robert
3845,Amy
4404,Pamela
4881,Maria
5787,Joe
6999,Linda
7680,Melissa
7725,Carol
7850,Paula
8352,Marilyn
8526,Jennifer
8670,Harry
9044,David
9109,Julia
9113,Kevin
10582,Paul
11315,James
11534,Kelly
12089,Robin
12200,Ralph
12362,Gloria
12671,Victor
12754,David
12968,Joyce
13279,Donna
14015,Michelle
14446,Stephanie
14579,Gerald
14891,Walter
15940,Christina
17265,Brandon
17381,Elizabeth
18320,Joseph
18428,Lawrence
19271,Marilyn
19635,Lori
20328,Matthew
20360,Jesse
20843,John
21231,Martha
21323,Timothy
21417,Christine
23032,Anthony
23773,Paula
24185,Kimberly
24644,Louise
25310,Martin
25580,Paul
26489,Antonio
26831,Jacqueline
26988,Diana
27281,John
27705,Dorothy
28155,Evelyn
28503,Phillip
28619,Evelyn
28855,Debra
29714,David
30731,Willie
30917,Brandon
31300,Ann
31803,Emily
32880,Dorothy
33393,Jonathan
33538,Dorothy
33954,Marilyn
34429,Norma
34553,Nancy
35308,Andrew
36517,Keith
36555,Benjamin
38308,Charles
39671,Alan
39731,Tammy
40617,Anna
41148,James
41656,Robin
42122,Jean
42279,Andrew
42591,Roy
42964,Diana
44252,Christina
44305,Jesse
44539,Joyce
45122,Patricia
45237,Gregory
45831,Brian
45908,Christine
46027,Lillian
47456,Aaron
48165,Dorothy
48304,Christopher
48411,Bobby
48534,Bobby
48556,Gerald
48588,Carol
48754,Jeremy
49050,Clarence
49116,Wayne
49653,Carolyn
49727,Margaret
50325,Andrew
51558,Albert
52382,Judy
52878,Arthur
54234,Cynthia
54737,Jerry
55456,Thomas
55642,Elizabeth
56716,Justin
57314,Albert
58583,James
59495,Stephen
59991,Alan
61481,Joshua
61687,Norma
62538,Mildred
63492,Melissa
63648,Paul
63706,Gerald
64099,Ronald
64693,Sandra
64880,Helen
65153,Larry
65689,Alan
65694,Paul
66274,Chris
66461,Steven
66530,Jennifer
66539,Bonnie
66566,Shirley
67347,Jeffrey
68133,Janet
69289,Albert
69832,Charles
70246,Kelly
71357,Bobby
72047,Elizabeth
72505,Keith
72796,Jose
73214,Ann
74064,Helen
74147,Jason
75626,Gerald
76216,Carlos
76615,Ryan
76971,Ashley
78547,Julia
78552,Harry
78688,Sean
78918,Julia
79034,Marilyn
79254,Cheryl
79315,Susan
80554,Judith
80587,Ruth
81859,Jane
82382,Sara
82861,Denise
83832,Jason
84196,Rose
84200,Susan
85042,Irene
85266,Jonathan
85319,Shawn
85788,Julia
87948,Linda
87978,Melissa
88018,Dennis
88494,Jeremy
88507,Patrick
89286,Jennifer
90304,Lillian
90588,Charles
92906,Philip
93258,Jimmy
94035,Doris
94309,Craig
94526,Walter
94596,Wayne
94725,Katherine
95221,Mark
96604,Barbara
96825,Mark
96959,Joe
97238,Maria
97392,John
97419,Brian
99148,Kimberly
