ContractId;CustomerId;Products
eRyXjZvjfpBrVCFG0hVjQAo0D;14500075; Product A
NlXMipjHP9IJ3Ksf9PztnrV7W;14502935; Product C
b9tF8YT8PtiPmOY21o3BozRKK;14504221; Product D
w2PqXeromEXKpYKTQnQ3bBeqa;14507320; Product C
m6hf8ieawsJ4G6dKRJAm3bHYK;14507910; Product B
MKmZp6x9F2NTebghQ60qKYfpo;14508925; Product B
npTVR5ZeW2AUOBgimm6N5fTYS;14509004; Product B
cx8vazTglI72yOfaEwwuO5Z7p;14510828; Product A
MqLkMrrwIcfu6FbsPh30sStlM;14512176; Product C
z9AbnIzkUrJZRk99pm1ODikZa;14513390; Product D
UqPM4mZIAOOViSO7SuGfvuPh8;14515410; Product A
0oosAojxsZ9woirFIpxzQUR3B;14517902; Product C
4Vdgf6cAuT6dnMkAig6hiAe0q;14518872; Product C
49PFLFu892lXORVh980EBBQvr;14523468; Product B
GxA7MNcfayqgGn10FUzu3da2W;14523693; Product D
egT9xCrKjdBQkWT7SwsoDYEtz;14524655; Product B
6ob1yIhgDo4aqbVwcW4IIRtXz;14526170; Product C
H95LdCG9Rm3J1INswKQT8NvZw;14527314; Product C
0NGqd63DGbWPiqjLS29z7xkkJ;14527920; Product C
sESbUn29TuW4MCRmhA1RM13Js;14531245; Product A
WgjvAuMdBPy0rfOq3IbhMaTjp;14532611; Product C
8wXev8hwzUERX0rIrKONI4mQ3;14533189; Product B
M1tDd68tmUeBLSdqBMZL4zHc7;14535310; Product D
Kd4QOyIpd0RAkfdoln2Ip1QjR;14542290; Product B
odNPFjGqLh0VY2TVXF9GPy1y6;14543283; Product B
7nNIQiFD9ULq5TIgTEdw1NBUl;14544108; Product A
gNHZrdDNTkOROPLCwj11k30u5;14545042; Product D
ZYkhoXK5oXlFRsmoHmHxcUxne;14546392; Product D
X5YwryHAA82SYffh9THwBRnkh;14547361; Product C
mfKMPj6y4YuuOMkyVYRQ7q1SJ;14547901; Product A
U6yc7prDbJXlVfHzbrn4xUi5t;14549395; Product D
SXB2tcLIMXar6YJYaHpmbS3vj;14552161; Product C
IsfKIO1Jm8Jbd4fWBEXqsiOVm;14553652; Product C
TkIdTXqAxd7Nwx6ugBGk39ltc;14554868; Product D
jceIbH7nUafI8RQFsP0e4BUnJ;14557205; Product A
RmNqTdHgMUbiTYCkneyznWlp2;14557400; Product C
Cc1puWLmcPXIDSperKeGGJeZk;14564766; Product B
8OX63BBWFEkEQssItTjOcIKNL;14564908; Product A
cyIvuW50ALTRWKGOMpea8JM6k;14566804; Product C
2XZc7bjH9yukd021XieLET1Ga;14569389; Product D
dACQ0bfIi7SSiJs18ILnJbw1h;14570643; Product C
GDjNUrkcK6SGvnkUw8tiJe7tv;14572620; Product C
uNxwJCG7JHFER4iq8F4gw6zaL;14574741; Product A
oajtJFYx41fwx4H3SwenydoL9;14575456; Product C
i1SgHnmSld00NNnZv203iX03G;14576009; Product D
SmumsTqfAmtb4BIAj9Qsl6zvG;14576014; Product C
o6DPNi7XSNyQqUlHj6aroIi4m;14578472; Product C
MYDab7Y177CWJ03yKPQOQYxhe;14581173; Product C
QlWmMtkx1SiUfy9jEJLovGSdF;14583095; Product B
jB65jBjvfcSKLa91l1UTgkNA0;14585144; Product B
V6YXoXdvv1jXg1YwpiK8YfMrP;14585588; Product A
DJbPucMbWuyf47GpULTmEf7cb;14585712; Product D
x5ax5w2IDICPas5ufOOul8sSK;14586028; Product D
iXi878inhE6kgKY2VLpUsM0H0;14587186; Product B
kGKLJtkMwYeDHjEmzmnmsoiK1;14589632; Product C
XFHiRfXy3n5VBFmmnBfJw9s7T;14589875; Product C
vw1d34BVU7N4zrdwmU6wytWnZ;14590314; Product B
hrI3tWBsmb5LfBHyPc8XTgUCc;14593547; Product A
DXkW842NCtAEjzFTbwQSraXKq;14595874; Product D
oXD3PSf8tAP7F6YyXZhgVnHUu;14600171; Product D
ZFJxm8SCiw5c9UbkGKmubjyva;14600439; Product B
Yi5s5xsmWivZz0EeEpOQ4yH5d;14600813; Product C
jb3uDtTzqPQzuIbexTbT201gb;14603351; Product D
yWvgXuanWEsLnai7zFrF1gJzf;14606397; Product C
QHtNeRI4yYoTaCpPGxG32sKXF;14608011; Product D
GWnUZE5dbcDMc3JcNt4Ch5T75;14617864; Product B
YpoWYcNtY3Xn826j9bQHmBnHN;14617991; Product D
AoiJOh9I2RwKl0A1jCunszM8F;14621186; Product D
Iy8qTKFhx9BYm9FXmleT7qca4;14622271; Product B
ItdUMF8zAwROX7zjhMiauwjE5;14623220; Product D
QpbRKO4U1ncYy4XVxf2cOabeR;14624718; Product C
NXpKJL4dOp4NaVgFBzNyIA8qV;14626000; Product A
zcjVCNUGJOL6eivxEpMKf1Rwy;14634207; Product C
Q5hr18fGefGc5uDhig3E82d2w;14635124; Product B
mTIBoY0WMxkP7ucZWpe5uhOMs;14636911; Product D
EVpJrlPJCYh2qQLZxUJSfBZ1F;14638143; Product B
NK54q2CTKXmQf5oRGotIzZU4B;14639263; Product D
yZPVcVoEcc3amjq9lcsqVsceI;14639646; Product C
bmaJ4IuCyO4LOlNMW9zqCeA9M;14639919; Product D
wxqdF0slNCOqvZ4FvBGH1UoCg;14640183; Product D
LoMYDSpZsxYfTvsQ1QWSdSWUR;14640627; Product B
QjynxwtKucIuDV85EUmhMOAWS;14641711; Product C
eOTqK3BLYbs10s2n2QENP1RuL;14643857; Product D
dd8tYKbMsvYKpNqc5Jdf8lEbP;14644732; Product A
569H7AIC0bWZDpTFnsPh2Ura0;14644973; Product A
3hlFkcZL4pJOvOqSRyIWNyd0R;14648573; Product A
9l1qbrMCcbNzYTcu1DpWoVMm1;14650088; Product D
s4GNT43Dw8qsOm8ZjCCF1FqRs;14652785; Product C
YPJzgI7LSB9hS9rtNhzrK3FWg;14655601; Product C
kVUPAkJtQYoREUSGb5F8iI8yk;14657585; Product D
70ANC2sbZLbJ8Xm7cJl71bzyC;14664204; Product D
2McaF4qLT3fkYjuNAd3twA3YL;14665757; Product A
cimzygU2m0mAYYmnFbDviPrrj;14666477; Product D
wAaNZE3FYS6JAFq6r7hFGZb7E;14666812; Product B
uzleDyU9oh0kqefnc4itzj5lz;14668181; Product B
BB4X2w8D71GnJ2Az4frgws8mh;14671039; Product A
G8X2UCKZyWKicYFuUNiImF7bp;14672511; Product D
3f0MuWf4zw5yglAoSG4vOSXG6;14672547; Product C
1BmKcYOqMHrvLvofZ2Ev59JfX;14673315; Product C
F9l0hIGSp376sEFnmgnDnyov2;14674560; Product A
49L58n9je2g2rC6y8FiAQsY8P;14676161; Product D
za9Es7jXn4ocS15kR2OW0uvAF;14676886; Product A
tUoe0lgcrKn9qc13M060qkDt4;14677218; Product A
o5ilNILPECiVCEc80EtoMB8Ns;14678696; Product D
ONivXvRGwR8w3nJStazEUJ4X9;14679755; Product C
MNpGIvC3srasUKBlPxCnXc6tc;14683375; Product D
BQjNgTyeZNZfvfdd5QfTqDJCc;14683513; Product D
0ioRZZe32xUvLT3SAxDDtLKKp;14684241; Product B
2AyA3JtJsP5V520fm4a9Qi1tz;14684299; Product C
Xz4MhYvFQ4Fjh73C2rGehMZe0;14685441; Product B
L5sZV1XR7MokvgFBmV4Uxevz2;14686814; Product D
fmEJGPLd76K7hZbrS9GqhVNaU;14687507; Product C
37pLYOmBXj1r1MQ5QZxOvcRY1;14690779; Product B
tHrgHXR3ITWuYeB5DZvcislBD;14693156; Product A
A1pTiJHd6zqSr0eyejJEmhQvZ;14693876; Product C
pxFVfQeM8zWHdnJJ64qNHggjY;14695878; Product C
moursBlgPBQkqIA0XRskL6X1K;14700474; Product B
q8S5qgkE76zyzohRR2oBQxKd4;14700520; Product A
RwLbGvC4HJ3uClo6lT9IWUtqo;14705166; Product C
ImuZC8piruYf9OQjzJI30pX87;14705801; Product C
jaMVeCIugzKbTR6vlZjaJTj5H;14706230; Product D
YyGKLhsdmUhR04c6zpR3Q2HCX;14708725; Product B
DLhOOhem76awEGHqmV3xr0qDA;14709500; Product C
PnKxVr4S1a1o5D6Ff16WlgnEA;14710307; Product B
T217cXkjror2eNJxXmPYpAKuc;14712908; Product D
CsdVB3UzdCxIaLYM8KO9B0U7u;14712986; Product D
FsJr8mhWSkWpbSz7UeVHgwppg;14715959; Product A
UFERn7uSB3q7gEyJtw15vfR5F;14716757; Product C
Xa6VvW99xIhRgHUJJsODmdX7Y;14716918; Product D
o7BBriuLaRpYkyZUG6nqh22Dp;14717825; Product D
T5aUetvxDaqSr3cXBibj9QA23;14720032; Product B
6IgClDwyz3KhAyRpTudFGmXM9;14720638; Product A
ARYw8SqVjxOY8nUNMtSwts0pR;14721190; Product A
ZDFEapTdPACBV0urxgVR7Ifm2;14725318; Product A
zAiH0z5NKLhtCoeMqq6ARLuEa;14725419; Product D
bFcWm8nc0Bwhk8Iau1Jqz9wbk;14725636; Product B
bv11ylRQPBELOBc6JYom7EQDK;14727353; Product A
ptVx1RD9n8cIFCnpxZaP6h3Ru;14729847; Product B
xhn3bPPC8wWog6wV8No9BvOUo;14731045; Product A
3yIYKHexIAtDL9nWjVl51HkiF;14731166; Product A
BtGy3hbGyUzeVoDDEb6fuJ5lu;14732065; Product B
VHA8lGM3rnSAlbC34t7GEuI05;14733098; Product C
zsEhy1eTSl5V1UegNpfNTZJBe;14734625; Product C
TajlCcH5x9WhYrt6bdWBXpEvH;14735647; Product B
IF0KEbddPbR2xRT5uT4LM163p;14736852; Product C
KXst5LOKizjbHTBaJYhDxCfpV;14736910; Product A
hh32jk8YcslqlZcA7FKkInAWF;14737981; Product C
yehf6erUXTZBCShTMdpdGZOGd;14738071; Product A
4bkg0FkSnH1TocUsy1SazcoVn;14738074; Product D
6Mwx7hWswhxSdYMVxKw8RUvXS;14739828; Product A
3qv50Ob5Y5Cy2NpJeKkiwVP2h;14740825; Product C
Gd9Uf8XUKmETSVNLKlfN1uQ7w;14743296; Product C
6DZVy3OhDqsaQBTjWCImW99ko;14744054; Product B
XMfK819akRCR2zMxkCAbQNwfP;14744344; Product C
ZjZovlANbRc9juWOb7W7pZbaF;14745056; Product D
rUDvbTWyvdfGEKUYlMXF00Q1e;14746476; Product C
dRdZeXKmfte6YQPmckiObGrdI;14746881; Product A
p9BvW5SoT3H7qDx7luQARLUW4;14747235; Product A
eEYzjTROzT1UuEMa5fotjTZy6;14748060; Product A
XGtRR67A7P6iBlHf9iTKtS6Lc;14749415; Product D
U5P791P9P4VcKO72nBqh1eASO;14753012; Product D
CdVTfClAgsH3b7Ulg137ivBf5;14753221; Product D
4dELYk6UPB1xwi5kSLNrzB3PZ;14753589; Product D
UaEeyX94PAdI5oYqwmHPnvfbC;14755463; Product A
XiaAS9GB8ySSi4SW6ADFgC0uM;14757289; Product B
Om7mu6VK0wxIYktowAFmrv57G;14759547; Product A
WXvYLoRs0T5cetztMqnNJm9e9;14759607; Product D
zjsnNaIjB6Dq68uN6ywmn4FVe;14759632; Product A
dT9LErx6v5fueax1D3aOHGbMF;14761828; Product B
g5xAHeW4oM9Up1P4esnf3O1q9;14769236; Product A
l8UYgHqf5cqPvyiDBOiEO6k1X;14770347; Product D
uYruEOIEPbxalYVuRScRfSEaD;14771095; Product B
qfSmVUN7Gv5RIC9P2V0Oifvzz;14773503; Product C
MDlcufhfSCI0DDZEvmLfoiAsn;14774854; Product A
Oaryq1oouPCqzujo5Lzs7X5pn;14775118; Product D
FLhoJ3eIARCO6L0QvZLFEVvJK;14775821; Product A
gKiDViJQ3EJg5j1JRuBnFLkKO;14780586; Product D
OsNLrU1ACz1hNzCb6rHzygetu;14783175; Product C
wCOxpcHP5rKcWFhCe4lvq9xrj;14787188; Product B
8hJIVCAdFoeDoBQ2TmIFcetrb;14788746; Product D
HSGltGMEVUH8SLiuqRwbH0LyS;14788923; Product B
YvMLvWkLCwR2KWAKVW7Ys1ISG;14789703; Product A
XjhCoi2kebW9b2bQgBoNAPgQq;14790387; Product D
6eBcoSHD6gAqCoEdC340g9Z2K;14790853; Product B
t11HlolMEVcPWfiqWxRsKNIkF;14792424; Product A
WrSfL2b7VgpJFHTstE5JSrygv;14795981; Product A
0Cz1IeUBAoaVeYtFcoWpV3MVH;14797372; Product C
U62IGmfGBS6oWwkW1p8iSq9r6;14798016; Product B
9Zg2kvePPqA1QVlhrDWMpnU27;14798364; Product B
OTAE8j4KwQZ5nuaZaWanhXzOi;14798536; Product D
4gbjsTcidNvAr9GdYsWaAaFbE;14801013; Product B
Qo6ZTIwHKOYMO2eI0rDmYmhuM;14801031; Product D
DdxObkKKmnt8Vt6WdoScOsgYY;14801834; Product B
8uBfqgWZVvfMfedrYPiXB1YoI;14802529; Product A
G1NfU0m8hcTic282c9uSGyfJD;14803313; Product C
kGOlJXrpmz6ekzu5b0smWoy9X;14804565; Product C
a937ij03ioLY2tjoubCzp01xB;14809875; Product D
o9ja60mF7APzpXgM3Tt302bsN;14817563; Product B
tYpElsfyfPRtpQLJof92QMYvJ;14819288; Product A
BL6V2sIGNGRfdBmg8X12w1gLH;14820408; Product B
AiVF88Ich5kUAzTjHuaoQhNIW;14821518; Product A
Wfi8z4oxQxsl9INuG11jK2Sbk;14824548; Product A
8aRrozUVDP462B0fpyp3AazPC;14825850; Product A
MyaqmlZ1Yi6BmQRbZbr8wfWdv;14826540; Product A
ayLl1pS1k6kraZ3LPEU2pt8sR;14827505; Product A
FEuhNYdRMe4KgjtiDHAY7sFLS;14827746; Product A
SWUxEYKHH1seo7iWSNtGYnmEz;14829259; Product B
ogrn6gyui4ZPuqwNeEI0sw38o;14829262; Product A
XlL55bHb8neCWs6z3d5hVisa0;14829903; Product A
B0sZ8fqWWiMlyePOQfso1MnuM;14831923; Product B
INtuQbgY1YbGtIZzwBJPViUjT;14832665; Product B
HRrAxZmgMnI8ktGkIe0CH1j09;14834227; Product C
LrNbnMOXY4qNEEYvyQqixP2cB;14839091; Product B
qcYDKk4GKLpuKwbyZynkdmYhh;14839356; Product D
V6cnNO4tF7ThnzckSx3NQKNHp;14840224; Product B
51O0THrRorGGjqJ50ARykxoEn;14843638; Product A
m4FqRNvkwUnzI80NRSa5t6aRC;14844717; Product B
NifVyrYtEbMwhCqVQwmndx1xl;14847613; Product C
4nx6S1nDhzAnRuG6M5lntHSxy;14848587; Product B
UWhcixVHdKnrkZqGrkR7aR937;14852804; Product C
MRFIcbVvFbx4IL01PRvmamkul;14853284; Product C
wAUWs5zKdFcnENYVttFwF5o7C;14853537; Product C
Ytux89hnhcBDiXoHGh9Vn5c2X;14853631; Product D
YTBioM9c2YPqTndql4WtxLZsg;14854442; Product B
s9TkbIHZAcOQ3EflPUGRwZ8HA;14855568; Product D
7zpzphjTvn2xBMy8jnhYaTyCX;14856355; Product D
pEy0XysepR35YJYQ9NI3vMUG4;14856606; Product D
6bNbuip0Nn7XStc0CIvqLnAPh;14857778; Product D
FfYiUsaPNPrSTuzoxItYS0lv1;14861004; Product A
olnjsH3PuelUbzOOYTUn6qLTp;14861335; Product D
VxdixaGxZRvilNTSxuwFp6V9G;14861580; Product D
SUjkGQjrSDQTd8AnL9y5zICE9;14862180; Product D
TB2DNzutZnTgKmEgXI2o9BqIl;14865059; Product B
OiaWhQD23MsR9MAR1YYL4BPHM;14865400; Product C
sFq4LmBwHEu9crirRCyKTNqD0;14865998; Product B
IwI91YzUlwAog2D6kS6eU0VvM;14867712; Product A
vL9QgF0tC683NLVjqpq0eL0vG;14870420; Product D
QYSawJq26ILy1RKSOrtmBVRuU;14871296; Product C
zC59UFdztJF7wXkvot7BbAfJD;14871708; Product D
Zjg6r9snT8L9QdbCaWzobhwQv;14872226; Product D
4iQPZivlOABInCjgjFoa4rFAi;14873947; Product C
nM563uGXwAcbm3OE6RTumiQPF;14874293; Product C
LWIN0Bz7rKM2AAunpQkUxBJU2;14876797; Product D
KnHkM78ZqcV6USoNnGZW7Nmfd;14878135; Product B
hoYh2dctrx9ZbY8uHeE8eIdmY;14879705; Product A
XGVVexGL5PIMO9RoiP0K1AqAf;14880214; Product A
DBBiA4cW5x8m981rCDgVZaiDk;14882585; Product D
3ekSPCw1dvUC0qya7LvI1LYn6;14884867; Product D
CkmcelJvoiS4goHjBjr0iG7vq;14887793; Product C
VQPEzPNsHoYEoOd7EEav6g30k;14889194; Product D
GUmGyDNVW1ZCMdEJByjZQOVqo;14891082; Product D
5dzSrf0iheuVJocZXbqqwxhu1;14892035; Product A
gBA2JXvC4bHkTEDeIveDYIh9w;14892550; Product C
3oa9I3hyfx8HYJTJh3FpTTBDY;14896826; Product D
fA3fDquawwetMgN4xCk8si9ad;14897098; Product A
XX5FZKczFA1dk1egqOFxiftkv;14898180; Product A
jKgzKPCNGHJGJayQETzaiiPhm;14898898; Product D
RWq5nZs8gAT0hOIT3AkXXRDUo;14899014; Product A
VUBBcVV7QP5Vg9BvMnAx7BT4X;14901375; Product D
f9AiXn0mlmB4lPgKefunvzqRb;14901483; Product A
MhfWluHhcEUSjc6EvSA1uEg1d;14901996; Product D
2Ed9HVgtyuj8iBmrKtX3Pqyn0;14903454; Product A
4KWyysFwyjG6UiYenaGLMlruq;14905869; Product A
61hC7e3mLJFIXPxqiN6QDfm3b;14905926; Product D
dcUzUGscAmx1sLFr7Qsvbk2pu;14906404; Product B
9frOK5h2rSuU0oOtUU9hMOVQF;14906939; Product D
VPQiVN05VetDt6J8XVNF8LyCH;14909061; Product A
aELVczK1nSXGiV0Wm4jyiuBOn;14909154; Product B
RRJHBhcPRoO1BJmcd7Mw5xjxD;14909365; Product D
mfk7cp6OzgaV6zWLUmnL8qaH2;14909934; Product C
zXtDlo8LJFwAaZcYnpsO8WM70;14910247; Product A
qkZTTJQr4sXzAOkESKxpTX7Ze;14913185; Product D
ViRi6XNYLHDv8oao9oCjv5oLC;14913189; Product C
cuJlmJyEq9kIHOMyWoFD3wWtI;14914613; Product C
RJURgpQPKI99qKJCnA3ZXhbPV;14914680; Product B
WL0dTFQV09BBBTFzxmJDGVBiw;14914724; Product B
MEK3u1KfJwhroubUTQopxMe4i;14915281; Product D
ToBb9nKWGV6D6bznJzDSWwelW;14915495; Product B
jCKuo8C0Vv3NgWOAFQN88yJfl;14916686; Product A
XsoxVgfCDOCWoedBFKU7QjgPi;14917080; Product D
Vi65eOa3GoFv1HJiVbtuH0mPl;14920822; Product A
k880w0NPMehNbC7QehSbfjSLj;14921094; Product A
Ut59if1DTm0BDkc4ittwTzrDh;14921129; Product D
Zkg1zWUWCF6UZmf5Ur5LCGtL6;14921572; Product B
PwsrTKdjG0DbZjDqdT3a4YJSY;14922708; Product B
vC0An9mEe4GHkltRoahcYxmBM;14922784; Product C
EtGlsxQ4YCgRGg6rjGHkNRmlp;14923755; Product B
lw2ttCvYb8J5N2fl6M2lQWOxu;14925881; Product B
jJeGuTunPTO8qJvGGxRH0PBlc;14926976; Product B
Df2hLIHQlJY1PohD6wfxVVV0e;14928023; Product D
fwMAvRVWbmaAHbRaJGTzj8HVH;14928402; Product D
dNfNKIydmNWgi6zwbkHoeGB6K;14928576; Product C
oncMe9RVZMAiKWKvCK1dnNzVh;14929413; Product A
xSzcgCpL83MO5df0Pm4nWgG4q;14929683; Product B
QfvDGaDQ0BR8WPlz07vsUGERD;14930917; Product D
KodokCqpFMrVxbMxaGxOhvm8O;14932319; Product A
pVZ643M9W6D13LQGgNmLGTKsW;14941865; Product D
iro6t09CmSWEgT6ewruQCSs9K;14944149; Product D
wWW6dchVA9jX6rPp0r3bgqoSR;14944847; Product C
A7ySjDlDSCdKI76Xo6rp0H6Tb;14944995; Product B
Vmkaodx5cXqLJHSCbbMvo71BC;14946243; Product A
9QKwiT5n5Yxn1Fh8oH7SCCnlP;14951676; Product B
vDnS4V0YR8aQDFOt6xVW1cah9;14951966; Product B
lsu1PeNiCUy5jew4UsBklHceL;14952923; Product C
V6SbbToH3LyI0Piw60K3mlIDK;14953757; Product B
evwI3FKVn1ZvgSHW7ZfBfdkWK;14955851; Product D
nUgAMAQCkPNw1DmltStfHctpj;14958607; Product A
Gx5H7UEjzLVVKYd4vstGyXpR1;14960380; Product C
mvJ6F2SDxpVWib6tyhQrwykB4;14961627; Product C
J7PkxnMlM8vEQFPcKWacUkUNb;14963463; Product A
W3UmaVQJbMPDjaE2erhy1i6G4;14964765; Product C
tcpC5gMJr2y6YvUNAZdgsdWFt;14964845; Product C
53wae5Zp0AI1mj1Zrax2CBAQt;14966037; Product B
ODtDUcEaC65a30MhrEZoVycIy;14966570; Product C
wahuJz7Q4FogOmXlwi1aI3Vnz;14967523; Product B
eIE6icBWVxHx0rlhJ09MCPoD7;14969761; Product A
jrQCKNoW4amjylVDZmd5byeiN;14970324; Product D
uQDzIq4WZv7XELtszI1aze3QN;14970803; Product C
YRJhGp8Op7Jn4OPO6pNsBHewv;14972553; Product A
KEOvBQSexhCpT5W1hnb5dOI3L;14977813; Product D
OVKU5YotFcxfeCpMF4uE9Euv9;14978535; Product C
zBnxSVW60r14b2jgfvsq4jcSz;14980978; Product B
t0yvo861hKhnbuMw1m65pZ91B;14981064; Product B
RRldz27iXLbcTSrmQQr1rsSnl;14981681; Product D
wMwiZhLlyYVGyGOfyHV4lWRXN;14982762; Product A
t9FF3MCmxyfs3IZ4xWxzNKWZf;14982895; Product C
8FKGdeJ7d77NmgMJTWKcXsW3Q;14985184; Product D
IDrlQpn5PArdmii3Xhr4cjZh2;14988827; Product A
UQbSewJwpxmbSd0peWG2roJbr;14989716; Product C
ELbd7LLYBN7QO89z6Mc4OY5M4;14990739; Product B
xtxaongGbCIJOQEj8e1AwmsSZ;14992125; Product D
fvQoOgZ5GLFyKLQy3Fl3E6BKh;14993982; Product C
mvkF2bMr6J7WT9thbQFfEjp7l;14995396; Product D
GS73wzdwpjYEQBIo6FmClCF3o;14996254; Product D
FG0peGHg9j0i2y4NFX5NrRjeu;14998624; Product D
1ffUNo15jWcvBMGGvOfIpa4IZ;15000454; Product C
YSBm1gk9XHRKV1Rfqp14nCegg;15000648; Product A
vcikfk1cOFv02UqIbTapkw6mS;15000937; Product A
4SYQihM0cN9bC26uWu4L58Oip;15005433; Product A
QXVFkahM0mKPzauoTI54CgMuc;15009002; Product B
ltBfxsTuEDT43NOKFWPxo4RE4;15009795; Product C
LmmbYcO9uQlMpUTpCeIvegma6;15011667; Product D
jdGbZS0K98uWqgc5cOFOMpujg;15011701; Product D
JtKWi7uBvYMvaWykE5BnB0zq7;15011873; Product D
lbSMcJ1IyW7X4TOLQvYnxfwhY;15015035; Product A
Vh8IHl6bSELcjgJJCPHAwfXYU;15016020; Product B
Nnmdx09ODYnmfMRjoMgIchUGh;15018040; Product A
uZHYyLFnxNJ7JXuKmM8bmYS7I;15018782; Product D
14Dftp1vSFFvuYixbC7h3D6J4;15023210; Product D
tIHFogCeAiaMSBP63zW6iJrYz;15029460; Product D
LehliZv630TP3XcaNTD42zPbA;15030625; Product C
qHysLNBvuek1CbMuhDmmFkW0h;15030740; Product C
052oaJXYmr7LLi7LF0SY6KXoq;15032837; Product C
1c3uBtcXCaq03CMCSPvqTvst3;15036924; Product A
XQB1pjtAXhpI5uDTPu2edvvLY;15038017; Product D
K48bYosegnzXIJg3T4pY2pr1g;15038649; Product C
ntRJaKPzSBLnmbPvayowwvAXJ;15039660; Product C
2Zq2aCZUye0MLF3yVQBchqmyq;15041126; Product C
KBQNrMYDnB1Ls0oxGRWXY2Hyh;15045693; Product C
tUcyeIJHhPmOLZO602Ys70eFJ;15045706; Product C
4V13AIZUDlAoQBhqaPB9AqhbN;15047868; Product B
2JCyMlqprRE58xz6BOePYF3JL;15047876; Product C
39iQHhHi57Psc9gg2ZWgD5vM4;15050446; Product A
Hxg68cbguBNIodkBMKmyf3iT0;15052624; Product C
NKSTt9Qmb1w6SrgFUDMf1NCzi;15054147; Product B
esEEy7HVPgD9kLiuWiJ54ayMn;15054206; Product A
iFG4pK9lLx4mhApTKVuuZYzOT;15055858; Product B
gfRyNAnCPdjvdbRUyqVbivIfr;15056044; Product D
FBlk41wbDTVuqaDwVK68wDV7Z;15056510; Product A
r36z0RRlByzGVUUoI7tZVSu7T;15057425; Product B
f8tm7KHhAgSuC9cGVx18HZE1w;15057631; Product D
0nU4pCilsy70MyS8ihEYrFeQD;15057984; Product B
DBrs6CEsXSflKiYA3iZXUfvPW;15058648; Product D
hgSa93Ir2i197X4ANGGJvKqHl;15060975; Product D
nPqWSlYqpYW1bau74zO7TkgcK;15063673; Product A
9QzoVq84ThghJ1MwfP6qMhCr6;15063962; Product D
ADEYgILBeXRIMip9JPZJgC3US;15064896; Product C
Ghen0pB7ftD2pOhR4PTFgYtlZ;15065607; Product A
ijmX7mzruhrhdLfgEZiJYYHGU;15067554; Product A
NQH2YSmH3XpEtB8pxRV5jjjvZ;15068225; Product B
7QQ1jQGeinCLPf4yu1tqG1RBl;15068354; Product B
yFblwciV3Tj5nDJvJ6rFubmox;15073205; Product C
b3IDSZoo502fdZq0DNmyy63wm;15074653; Product B
Huvng3DdL5GbYKyqPK4iKQoYr;15076799; Product D
yYywspyDDQLxUqYoTl8IGF7gt;15078089; Product D
8UiblFWPyzv92gUCct5YUVkSO;15079524; Product A
ePpXtPChkXIMiAHrCs2b0XeAR;15079839; Product B
bLQOzswsAo59p39BWosCJ6MEa;15080861; Product B
msOZT6PK0YCm6wPug641GR9jS;15081069; Product C
DammiteeGDkvLZ9k1VpiLJMHC;15082730; Product A
PxNmUVddUPYOgAtSQPupgdWko;15089781; Product D
MCoY97wLW3sEs4cgoxUdjHIya;15090709; Product D
MHZBWxqtHa4omUBq2lDOCNkWd;15090874; Product D
U2mLumwhPpGOHDEe4pUSMFhMs;15091246; Product A
012rzzWZC7BizsNh89iQZ463f;15094407; Product C
DeQfuKVHxR3zGXx6jl4ZUBgE4;15096110; Product C
oXHc6E3St24uj2XTZMAtfXRhz;15097068; Product B
tZsqmRV83aSgDDkcsZNwMHLCA;15099950; Product C
NURtJASr9Or7Uj7h0OA86rBge;15100952; Product A
pDObgTl1vbV1EVE3gBBUox8MY;15103014; Product C
ISJodfl5Yv9VoDLBGc1Godh8Z;15103801; Product D
OwMvQvDe6RiFiHGjAaOftkjCP;15104210; Product C
3ScNeOZEe5ijgWxbckzYIPkum;15105548; Product A
BOknYmsmpx69eOFz0YrefDKhg;15105968; Product B
Bq2jioThGLQYkz7QaSbLRJQXa;15108598; Product D
GgqKIefTr9rqJ1dbquSaQmtRr;15110014; Product C
YmGqeeXPJS0sfwkLxNgBs68uw;15112314; Product A
I5XFYJ0WGR5eUOHdXGQiElKnM;15113613; Product C
zNDKeKvibsXJvErcYVuBnJwol;15114313; Product A
LqQ3uPaQtUGdjVYOL35B4d8n5;15114675; Product D
vHXisA0QX8mzVJKtnh1NyrIeY;15115306; Product A
SeWUKJNtb4GTkVFLDJxhOMaiT;15121641; Product A
4LMzTVIkj1T4V6RoUoNseVPg9;15121811; Product A
bqt6mAlDdDv6fQFcQVwsuSaUi;15124329; Product C
OqvW60FOH9l5dU3kLY0gTN9UW;15124848; Product C
wkLD70d9xPT03JC7Z25633j92;15124933; Product D
U2iyTcSV0dgE9lX4mS7Xaa2pB;15126672; Product B
HVDWZSINsrJvyr9bDSy1An9xw;15127310; Product D
JKCps4z1kYz75mjbfOXqVjkLB;15127366; Product D
F7v2lm81CBnt8pl45aPU12kpj;15127932; Product C
kuZBMN9kpuTjcyfXPSIigy5HX;15130886; Product D
xt1SWuNNsEB0qBX8F0Q5UOEFL;15131336; Product D
nZbH4tN3ZXbMWA0lfcj6Txv94;15133065; Product D
FvASzceMYcQGh81mqqwji1AGa;15136863; Product C
E0n4DfjzSrCsEcNpJGds6zNz5;15140516; Product A
zgJ4AocEJhbt34KJ8p6P9GvHE;15141483; Product B
wsuyaSS9A1cvrQoDGPRNbifLg;15143654; Product B
FiqTdeqhoNlMHORIzucsqMbuO;15144118; Product A
Z2QEdcoEnaijTcDM3lHUHH4mQ;15145439; Product B
cmFefwT2izgMeRjjLUnNSeb0B;15145659; Product B
OlUbvv8wTVM9fFIDZAhYDQr6N;15145958; Product C
MQqAVDaR8UOqdr7v1sDGHl1oV;15146461; Product D
lwsvtdVluAFGauGFq60zPlY9B;15146549; Product D
pz54KPhYc1tmoPNiGrQgYvsOP;15148043; Product D
IH936OHgq4kBeXS1xSCsVIWAX;15148707; Product C
GSa5ivunicsWhXJIoch2HjgEE;15148874; Product B
zFvMs531T4KYdBZd6kWCfGQHW;15149907; Product D
T28qNHg52seKlfjTbyadC85rp;15150753; Product B
1JMOCD1SQUH47CrtjIbApZS1b;15159338; Product D
SLIUVAk6jBbGLemFvdDM4hG8Q;15160116; Product B
Uyey0wunrEKK71kNA1NiseLUr;15161334; Product A
lsSuaSvVawqfL4Z6ZxYNv5UHT;15164888; Product D
9gOp8313ctJjLvkmjwXzmu2E0;15166406; Product B
FbnYRfQOVYX9bGwNNEfiEuBqy;15169011; Product B
60v5dLegDz6FPwYPgjIdOHPda;15169027; Product A
7YsqzdMonPXiIIBYSR9Sd4N5n;15171146; Product B
gEQAx4t3pN6WiApjPmS7Pm2gM;15172776; Product B
16f3o0T79RBsUvypNRNh2q0fX;15175274; Product B
lEUtmLW7lf3h6ve6fi41JimSG;15175364; Product A
7F7r4QuizwQka3WlwlzHQIAdj;15175654; Product B
9gmUDxzQ3S5EKpVzlC18Oc5HG;15175709; Product B
qApCw8HljJt68NnTagemuSSi2;15175985; Product D
0HgCG322DJ7OB3hzVtUOYKjHU;15178033; Product D
CZwHZAcBbYWBMpdKXBBr2DY1r;15178076; Product C
VvcYNtD052apfwbUXxO0NHWap;15178126; Product D
GVLhr2vGdxkl8e5W3W35ctTdN;15179597; Product D
s0h9XXfWupygBXzsCU092Z3hz;15181152; Product C
9Lzw3NcIdhKQRpBwpUh5CdElf;15182080; Product D
MVtEFbBCI8ihhoA02acJeoC22;15186612; Product B
OL33vNU2tJf5dmpPmKh2ssKoF;15193334; Product C
QUfmU0k5FAkAs9QkF8VWzh2Rh;15201021; Product B
jPKQoy3x6QORYCxG7SMg5K0Yk;15203612; Product C
mT1opeYqUsPSNQQ3K18SR8BQN;15206451; Product D
ME0vLKv9epUcXVQq0OlMiO0XJ;15212342; Product C
vpdQjqEHtMt6WWVbpIB072mFU;15213169; Product B
zbSIezoHrXVvktL1ixkVq2GZu;15213259; Product A
nczLFbXnDpQig8sT98x6T0Q2m;15213365; Product D
ajjrQZlEa2LjhitEkvhkW7HgY;15214047; Product D
jb0MeejWJ0r75fHEWp5jVOVNh;15214706; Product B
XGS92RxiXW6at8CwtKngYzXxK;15215455; Product D
PpemZhZPbH2W77eeayURF6uFJ;15215571; Product B
hs0Q3HAUIcFRWetUHuJq0nanr;15219000; Product C
L0qYBBMZMne8uRZ5r1BsBaALj;15221205; Product D
RSPBjSbSjyyKOIvdAWHvkSLL7;15227276; Product A
cuBhCIhuxCPyM2O3quyyuZ2cd;15228175; Product B
QCowSrSCu7q0EsQlz4NOzb85y;15228566; Product B
FRESQXL2ORG3B1o1QAWxZvrP6;15228580; Product B
SzNoIcmFlwi7lzelnHilPeFOY;15230784; Product C
GBP46CLGC0w9zYGVXuq7DnnR6;15234272; Product A
rlAJnsAgTVkiXwcPIIERVffCR;15236136; Product B
5fCRmMTL6hREk3p0C0arUKpCF;15236518; Product C
AoD8ZzKT4R8F8HvNJxMFoUief;15237387; Product D
aMCBoKqCpax1EuVDrSYhYA0Tc;15237415; Product D
QVBetxXaPxby1XhZRhFuOfUmC;15237514; Product A
yh5qkzF5IAkaZQYsH4bRKvRPC;15237795; Product C
3BRH9mDV87RQlhZMtuCdyVxd7;15242517; Product B
0F8XJ0vlSVn63Cvfm2BXscdQV;15243147; Product A
6fELVUGhjTUgqxUAr2GQDsZ4X;15243924; Product D
he9hSUs2Jca8tkWR0t9L8HTqO;15246351; Product D
cG3lH7p2RTW8J5LVfI5h0x9LU;15246991; Product C
wfkebmynLjfVLvkgYZghZiPfF;15249782; Product C
Pcb9snxAc9q9ZR5XGO3BpsLvE;15250725; Product B
iK0Sv5ovLIVZcNOIFKfdFkkiO;15251171; Product B
CtDkuNya416m50JXNgsRyRSHP;15253288; Product A
uJvewnIzhZnZxhmBjR14NTM4T;15253932; Product A
vFnbC9iDSIgDXLL9MOH5x7bFr;15255360; Product D
HGlqV9exlWUv7nqTAuLnLqcnh;15256130; Product A
CnX18QCCI3JbezJEjlfikB8Dm;15257007; Product B
Tht2WqKuJEZj663AiNyyEfyk6;15258766; Product D
O5jhIX1LpwNkaK8ZudQNjyV2D;15259017; Product A
0AC0rTYhO89QEKP9DtKz8hA2t;15265493; Product B
xFa8QVfBLubQnoS1TMBbJMwn0;15265986; Product C
Ois29UkdVDVaIm3U3hoeUwdcD;15266387; Product B
oZTfVCyUD149UedSrVXRRnCFc;15266659; Product D
4cs2HqAZYTufpjVVXgMtoK4IY;15266971; Product B
0jQjodksFC868P2lxmv5BLvpe;15272204; Product C
QQZZKjonGWZhRvMDZlhMHVB7e;15274470; Product B
JEv6NfoESgM3SbLIkxRFDQkWg;15274983; Product B
fWGiNfT9WksMZboEER9Kigz6B;15276399; Product B
siJAourKfnRn7CT6J0DKNg9sQ;15277049; Product C
Hr1oJHew0wb4V7fzQ5IAQCcrK;15279266; Product C
8U3eKj4uYUegRdZGW7DzzRzBU;15281855; Product C
plOeaWtz35HYJxrSHAXinbMCG;15282387; Product A
6yf7EGl19phGzIGzzUWdS288g;15284689; Product B
4ehnJvqfuF718oZUSCDIOrHoW;15285207; Product C
dN2hMnzXQGikxWq9EHEyWpgVT;15285847; Product B
uJ77N1LDYJ2MqPsMhEmcxZAkG;15286268; Product C
bbyDaet2HJ0UW8PLAdcMMyQh0;15288895; Product A
vBD3pWZCTtxV0zYf10FrYYntT;15289630; Product A
ZPBVt7jT9j2qvCbYfKFEg0weT;15289666; Product C
APde6rn0dMcvm4MSBAKaNEpLy;15292480; Product D
xqn8oYDJJOoVoRq7UtTk8wvvA;15296514; Product D
Pe59npDUxUPfPg7Oe4ucxRYgR;15296717; Product B
m14ZpucB7iKoAYTVuJ9agnrFS;15300156; Product B
hpB68nHC3aEwts3fXAENqazKA;15300679; Product D
kzi49FGqILBwItQnHhWBiXtdS;15302541; Product D
o36tJK94uTAjaALI4p4H1cqHv;15305872; Product D
ZnIZJwsqV6qrijqgvSFEx3guy;15307801; Product A
yN4AOrHBf0H3UZnaW2M7y4ttx;15308481; Product B
hgIn8CKFT8yhL63kanb184Mn2;15312929; Product D
FTfMcc1yv6wS7AqXJS4yasym9;15313472; Product A
8gZ9bMKdDFO7V4XHszRwCBKOk;15313523; Product B
2ecojd3ezS17iKWFUWe7kJroL;15315329; Product A
sRr7cfjXUPCnCfz6OmzP6c5hO;15316345; Product C
rEJ4dXzTSKhKxAtLqihUh9R8g;15317989; Product A
Hk8famux9gUbeeMNPB26S2p7n;15318362; Product A
MIPDWIfnkWOcIWQqh7BnfgweE;15322918; Product C
DFgkU088Eenf3lTGJEm4JhwxL;15324266; Product A
9aTVyFStmURiXvP3i9BIE8s7I;15329439; Product B
G1WrFkBr338x5xAPA0MTAvgv7;15330047; Product A
Grfr06Yav3MDuT9vZNMqoKVed;15330798; Product B
NAYuZ7ltS0I8P9cDkytqzw8fe;15335138; Product A
QiQZqmFW0Xjc12H3s3zT4PJaV;15335182; Product B
3C4VS4w5HZqAosDteY13nFv9Q;15336307; Product D
vLcRpbq9ApXjfrozGWIABqbXo;15336369; Product A
8cyc2ToGrGpvDWsL01Tyw6NfF;15336903; Product A
ADObE9MkpEvq5ZWJECmAZgnII;15338801; Product D
RnBMLY4qsIRetbKOw7SQJzNCe;15343565; Product C
dv6KUqlrGbnb8EUcaYcmjZDj7;15345047; Product B
znt7V8pIHITEDWJ44GHkJADFw;15346199; Product A
7dXy9z2mhz7YKXnGMf356rV7W;15349245; Product B
3yVnYmPafaKoIrtZtBJnz2x75;15349859; Product C
lt88DJG5EspIxKOkPyl5qLKDN;15350061; Product C
kFIiJN2FUEs3g0hTjetGHqQUg;15350717; Product A
nBtpLjxYphzDlohqQ5mfdYD9W;15353341; Product A
QaosTlTb9gM5FARByWBd9Wcqn;15354692; Product B
GUA7lNqEK2ayiTuZdijomGlTu;15358601; Product B
3Xslf4WMjD6Kzh02kCJhuudYK;15362757; Product D
GVRzCNak7thxwBQ7DOtYsDCRm;15363942; Product C
G4z4JAitr0JW8IGBZDPgHZ3Cp;15363988; Product C
wli6jkTSd9HTmFNQCMPnloonb;15364939; Product D
7dbKlFDKCJRZVZEr899rYtOn7;15365397; Product C
sT4fHiAPmgOoc6weXqjYXspVs;15365443; Product A
ur8i2ALJu15HybCtdPHPqLnou;15366289; Product C
no64K8gU5uqTvieNgL6cm4SVh;15366798; Product C
VDRfa6hs4zQ1AxPnit7TCZHoI;15369670; Product C
5rtHHsOEpKDCtpuromdhczXGs;15371234; Product C
ezSag4QnVu8YtKkMjZIpoDpq6;15371481; Product C
ZwK1SNjmIxFNYNPxxIyIpKHaX;15372345; Product C
nzzCfNUYUeH3CGktM6ISrBMOS;15374839; Product B
k006Yxrg0Hgv0yLbfEURAtZ4j;15376513; Product C
QsVmq6ZkiCdtJv8znrH8QDHnb;15376721; Product A
E9OWV5QHclAqjNTREmfhncphx;15377508; Product C
gHRDKR1wzVmNbnaNgpqJjGkK4;15377570; Product A
vGWKcqwAk1v6G4Es0fLV5cK45;15377742; Product B
XjndHAHinMZl9QTsCCtkvnlIF;15378464; Product D
9hS7d065k58aDSNB37R9yKubx;15379823; Product C
LO7NLMPD9JsUoeF7jvf4G240x;15383422; Product C
3vSv1QrTnSfZ60x52TbD1ZteT;15383936; Product A
GTu5bwEiebMwq0QrB1y9ESe0e;15387000; Product C
0yUPpusqzHp4Z4WGwKahmcssr;15389994; Product B
LlROMkfz6J6vNTYwQ3QirMBKP;15390001; Product B
Qb7fqwjZkNzDqi09IxHzA4LBD;15392860; Product D
9Nrpfy2BXg7q97E4W0M3FuDh6;15394080; Product D
7CmqJVjrDm1LYru5erI4zl6nS;15394701; Product A
KIuNzXk8L7YLXSwCqmuJBgeQn;15396228; Product B
k1r2HdL9pAkaMth7ftFFbeiZs;15397017; Product B
WbBhiwzaz9ec2RSjXDUpOVXPk;15398092; Product D
p8KlVuMiHjkIKa942rd7DgG55;15398651; Product A
DwOFEjH6nwX2oNC6rY8B7ksY2;15401100; Product C
FNLSbmDGuKhJCU2kwXK50s2zc;15402667; Product D
DFPyNnI9pZF0P7a4XYsS5ropw;15408248; Product B
b7f0LdFl7yz9WOxxlB9NKJT2g;15408849; Product A
GgDthuu7aSspP9omKcIBrRUDN;15409672; Product B
7cypMbuA9Fb9qRPQU9xzVaTRq;15410208; Product D
iWnpH5BNvUliResZibeXqbGe5;15411798; Product C
qqQKeC8qlCL915wIXQa2hU4zl;15413041; Product C
NWmx3a0c15EWGt6GVbvDU5WFB;15413260; Product B
q3DaErN0Z5eMnaB42SK7medCt;15413336; Product A
3ziZRjV6u1MVXIMyrV4J32Id4;15416890; Product A
y4SAXNSONldqQe9w31zxurINI;15418103; Product B
PyaDmKIx0PLMK715R2mf7xQom;15418854; Product B
YLCinkfMiIMxnHMNwRNILBDMk;15419020; Product C
LCHNeYx2ftrwkLbfP5c1ELzV7;15419804; Product C
Hk5E7Tw9hlRdpi4Bbth2akYic;15422644; Product D
9godzy1Ub9U3TFNRL4S174Txo;15424023; Product B
dySRvcG18y4iF2Xv4FPtJx2MZ;15425380; Product C
94VSBEQ9Zj5de5i8XGDcUDHJT;15425395; Product B
EcEoRaGUdfQMUKvTElrDf9wMY;15425992; Product A
EfiQs1cgTjLVFkO6IV7zB7Nuz;15427368; Product B
BFXm62yA3wdbtK8QvIXnVxo6B;15427528; Product C
dBSuAmmYkiblJTrCq0E8dpunA;15430603; Product B
L1n7z3n1kYzBbbjdoxFdyOIbR;15430943; Product A
IImuIAs5aZUOvQklmI7tThfGg;15431086; Product A
EJHDXTuaR2UHOIJ03kOL89mjC;15431704; Product C
Sj9HRvhAGO4HId8ez6lbIA9dA;15433255; Product C
HcJwSPU5ngI4igvTAdb5o1ySo;15438487; Product C
KcEzi7J9RED7PEecvvEZU6vYG;15441779; Product C
jRlWgCbeHuQac6n2nIeP1TnHI;15442643; Product D
xwnaWXV5k2QwU2Q7JcTUpthjH;15448111; Product A
hNi50wNi64P2asetHvYLFLPWr;15449869; Product C
ySjavNtOopJm0QbuU8Iht6NuI;15450029; Product A
Jg98Nkv0yqIUwZCjwi3gRHMF6;15450369; Product A
CRkQ1mvZR1LdMHcI3Qum2k543;15452120; Product A
sf4fMIc43M7t3yL6eqbVmEQeH;15453110; Product D
pa1totzQS7adBVzvvrvbOIDYE;15455071; Product D
jKSXAQwxjHSxJ3kEpHRHedk1H;15455155; Product A
GPNSSi0tPw6r2K7Ftajm5aMqd;15456302; Product A
QFQbhx7qo0QUfAXtAzUOTCXqu;15456635; Product D
Z7zPeM8ZhCgs0U8elk7OJ7Kkj;15458938; Product D
8mrDlAH2Dk0B7UUfTR2a8KE5B;15460325; Product C
CmnJgIS5dLanBYOrl4CFePwNH;15460968; Product B
dnJJh8mXp6iVqXBs9zXBYQB3K;15461116; Product C
454s0y31SsnyqfDuAbUulKhbj;15461780; Product A
OBscahuD8YncgmMjvC7OapExE;15463655; Product A
OFswnHCCiieWwI8elpMS1hx2X;15466923; Product A
E5odw61iHJzZ42Ji0PKp1JDtn;15468072; Product C
xVFzLIPiUEBEpsx9Oj7JtvRnP;15468988; Product C
cl9Vqc4Q43RS0CLX671OWsTbf;15469956; Product C
5ohavfmAqQPLwwn6WPfxlUtAd;15474637; Product C
BfPZZP1D7Ns5itN4waMlcwODe;15474948; Product C
9JMeIMFaaoK2DyUcM2UJ3UGhU;15476328; Product A
8RXQgFz4vO0PqN49JTlm5BuMR;15476938; Product C
qN75H4QjhRqJLkgmMFYyxsZUq;15478766; Product A
06z0tWz7nZoB2iy5ECETIhz5d;15480837; Product C
kibQczE8Q9CYx4Iq989HeQHfG;15481149; Product A
qzaCS6RNiSGlr1n7Kl7sqo0UF;15483411; Product D
CDZ7Nm2563C55AmA4qlDlomv4;15486625; Product A
1PaGsWlnn4g7vGNX4Mue06NFr;15486747; Product D
8si19U5hUnaYDcSoz5NiZWtB6;15487371; Product C
lTdJ6fQOvnyLyAG0wJp4rMQ4G;15487641; Product D
k5iaOy2rZ6fdVHpL2hwGXTtP3;15487822; Product D
SVtr5RP8wtb2bSkrT6OSSaMpn;15487871; Product C
x81q7OUUOaYd9vvkKcYBeYeI4;15488150; Product B
dyGzv38TAGUdznHehm8361inX;15489561; Product A
xlCUfB9AVRUHfCYHqxwfG0D5w;15489806; Product A
5whCVx4m9uzzziZ6yuPSExQgu;15491438; Product A
lD1cBQeB7P3ZPxDuMX6BA4t8F;15493541; Product C
YAbhcPowTGAIJ7YWthR7TGIBv;15498139; Product D
35NiPfPxKm1ALwc4aXXqQHlhq;15499229; Product B
vRuTZ8e3eCMplV0nPxCSXS2hl;15502270; Product D
aKwddFUOm78KxWKMw3eB4o0MC;15502853; Product D
9pHfV9aQydhzB6zZdePvuuhh5;15506684; Product B
4am5XaKBu28u92RW5twgXHDeS;15507698; Product C
rEviQ2nTZoWa2FT7O13pJiSsn;15511180; Product B
RVrXcy7BqTDghOHEnwM285BBT;15511727; Product B
0qm5H2d31CDYjZP195wkjFHL6;15513146; Product B
l32YEJxk3vzRAVwiy7U2jYB99;15514529; Product A
I47YM5B0RTEbx8fpxQvCngOBU;15515377; Product D
w8Nw5MLUlYkQqwfm2tZXGYFUu;15516997; Product B
vbyn0w6smkb84rXUKsgH4srJ7;15517612; Product A
IUyBE5k1kIOUtk3iRpBE7jJmS;15519139; Product B
Ix5TJOoAvGtWTNIgwI94QzFru;15519284; Product B
Gp20Sytv4xDL2PSuoAU568l83;15519507; Product B
hris3gRNmgXRcY7ePAmBlXlSy;15522104; Product D
qj3ELUbxweDwpZWBPrtvdXXI4;15526411; Product A
i5Xq8199TEbqKFO9CjBjvQkD6;15527186; Product A
gTXWLqk8pGyvTYFsk11Y9w69y;15527199; Product B
SjF58dGRJtIXdpmHtVB7nBclw;15528924; Product A
NIcn8omCQUzSw5i9F77WzXh4p;15530081; Product A
xnNcvUMOc3VVrxx4XEEuvfXCs;15537036; Product A
3Xt1HJ2ra7TJ2pHSyAu0JFfKH;15537422; Product D
bKFxgCC91TMbt03yqT16nNfmm;15538467; Product D
RD6hxAiPjDuDQ4nNykB9nqh3T;15539418; Product A
0loN5StPNw3nsTXWJRvT3G5Pw;15540790; Product B
Kq2rZh24wR4AFI4yx7SZ4bGmO;15543545; Product B
VTqljRO6EuibSMNq1tHy1ExU7;15543796; Product C
2NHy6LYI2xbv2YBQe6rAWbJ63;15545900; Product C
GlCXJ6junzeDaVjM0kJp6ZyRG;15546436; Product A
OLlkrlEqPBHQtmE69Wgyre7Ig;15546750; Product A
FTLWK0iAQODB53ciWSGfq5tAP;15548831; Product A
1Ejey4QdYvecjntAk1YNrTlsC;15549050; Product B
MLbtlCyWlOqujRI492z2ZHt7w;15552012; Product D
I6PuCSaLi0MO8YQ7gH3Nupaqv;15554834; Product B
aBY9ZotsgwKg77caNcF5xldcM;15556601; Product B
jRJyL6VfvF1aUNrmcn2h4c1W9;15556702; Product B
oJXRrJhAB9L0kzoGHB90DaC9g;15557277; Product C
0QQzuBpid4D4AoAXFQ2KRniMk;15559020; Product B
Jzyd7XOBwQsu8rLzzVQUYfCTw;15561150; Product D
6HDbybKzVZGqoAAiSx9D8Kmfw;15561614; Product D
9MCbCp8T0ZTMmroKisYKsbtHk;15562295; Product D
sxv9YlMk6ci5FqihpvkWBZ9Fm;15563049; Product C
uICdE3zAsEUZHAkeOyDnn9YyP;15564891; Product D
YgwzDkbdgoDYxzCWHMZYesjoo;15568854; Product B
w1ac51mwBQFrVlpAycugsqhHJ;15568989; Product D
qsr9qcnpLR3gZ2qt0gpK26JNh;15572284; Product A
Q4Hoow6Ynr4mxNht2iHTLy9Qr;15572780; Product A
S2NRy8YyRKFVYyea5LHo9296r;15574975; Product C
K4q58piB6A1xVFr1tyV9ezvhi;15575270; Product C
kPAzQVGbnoIKmj8EfOyZPsygS;15577211; Product C
Bb7WM6fuNVIEtWkW7VaXNmqxB;15577889; Product B
qgB7HeWzcIo12hSQJAn4KZeOb;15579636; Product A
JY6jn14aVxKDeZ8RZqoObwudI;15581890; Product D
CzQrtU1r8BvI9yQTTfrdqtysx;15583205; Product B
7wYJoZiXAHWnOPjIYsQbVSKXA;15584139; Product C
SARXbWd23hVAmBSOsnbEIFgCx;15586577; Product C
In50f6KyFD48DsokdsUWZ9G7y;15587226; Product A
UVswVLQQxVCMybaNcUVEkzshZ;15588045; Product D
pj5rkvObzsYygSMK9mwfT2YuT;15589274; Product C
NLeavHGbzC3LIFvUQVYvICddN;15589435; Product C
bVa5fUJt9vdpJ9fKjzThbds3s;15589487; Product D
sVJ9xI3rCnhUr09QbHuGC619E;15591216; Product B
xfSTHhQ9g85tx4uA64DDTiGD1;15593036; Product A
CRDmUnjjwEMbZ6mkIA1bZHjLD;15594512; Product B
U0l9oiZctCkacMCloKCX0sMfA;15594624; Product B
q3BBNKiZNpKalUdmUuInwCmks;15594720; Product A
h3ZwimSSahqaiYS0sH4DB7TWN;15594794; Product A
4GJR14iu2H0IzLo9brguwbuAa;15596717; Product D
TRlaJ3rvWG1nNhHviiPiKLJ8r;15598807; Product B
f691x8aCrflc0Sm5FzNFpeeOA;15599889; Product A
1L03OI1u6ZmtvKjdEwaLpbDgs;15600809; Product D
4ndof5Q4Gn8JFyI5inMHFY7na;15601085; Product D
gRwE3Pd3KXPoJXAd0x5XlKvVc;15603740; Product B
mDa3gW80ONcz4MEREcGQhF5zX;15603970; Product A
xzE53Fd58MNBXQq6AqN168V2C;15606091; Product C
J3WjIwgj0BXgdNqZ2zilrtkMH;15606331; Product D
C5sjgJcAI97D6nf5VDELJRYhd;15606983; Product B
lasG64yQ4f8svReY35gp7198e;15607132; Product D
XzkgepVqLF1sE0UdSZqcbNJZt;15607226; Product C
Pm3Cmda42zy6RcGn5w5nKjDMS;15608324; Product D
VE5vTIjBCD1PBWtYcPKZVY8B4;15609501; Product D
VRNsWUNvFhGfPAG0dCbcCoecw;15610711; Product D
RJWktC4tb9jq28319ChFXAkll;15612423; Product B
dxdyDIAgf3HrZiWaTZzm1rAig;15612877; Product C
ro9Q6uKVFD432d0It48J2Nxhi;15613805; Product B
c3RzwwqrBlRys6bCsUBZ408Li;15616880; Product C
A0wAHeHY0KotyT97RcInXymZ0;15618023; Product C
kXIeO4WK1NFZJPgHNm2pWC4RK;15623394; Product A
Kprb3FtAXzHOHmiBcRjrUHNmg;15623757; Product B
IeUD9rDPBcIim025J93XPXkjZ;15627251; Product B
8mmosFpsJdaTVhvqZKVMKir8E;15628057; Product A
YZTfpgjxH1MZIGJUj9t6JzP0N;15629938; Product C
hmJEfp8G2syJpBE5BjB5nMn4e;15629958; Product B
cB6AXeiTeQ1GR6Xq2y8ZRMdqD;15630492; Product D
cW5Wxboax6l45GfCP07BL2ttR;15631250; Product A
mx5xFBnrArqBmgI7qKeARGcs7;15632905; Product D
sKYLbGR7Pfa9JunVGLeMntEtL;15634197; Product A
hZEnBqkkAioP6rtED0NJFIiQg;15637510; Product B
hcKVpM7CGagN2T8cwtzXorcTY;15638124; Product D
ApDqqHDTDhnvxyXHgE11tLfWq;15639645; Product C
Un2OV6oRmJCvryfKVPs6gJ6nw;15639818; Product D
9CIjwM5m69rELOlP7f4INjKuY;15640398; Product C
4fecU9ZPh8gwXkiZVq2apAP5M;15641342; Product B
BoiDJ60OVl4Ir9NPmBo44g2J5;15641760; Product D
Pc3F638ThmJfc7IAbPjt516Ml;15643367; Product C
2XVmbLPZyiHVqiv17TxbhGrpY;15644999; Product C
aXQzmFerY9O6XkVytfQEEVa5H;15649650; Product C
pLetfDpjbfAl0bmJfUxGsj9IE;15650441; Product A
a4otafyURDBPDlIo2zoiQtsfH;15654493; Product D
kOgOj4Fsua5tocevNo0Y5yPnZ;15661466; Product A
4ND14kWVE6PmDt59L5x7mF1Ac;15665439; Product D
97KonoGTETvaTQcrhfwDWzHlQ;15665875; Product C
08wXjxlOmSRltbeELzAMvLI7I;15665959; Product D
bxzhX2pX1jKwQWtryinkQPrP6;15666146; Product B
6yvEw60R3EErAWFYPpF3Farxa;15668977; Product B
0MRPK4KCIOXmyDxnjzSrspNC4;15670378; Product B
Y4GiE6cnTP2CNQsvT8ufztHUf;15670559; Product C
CQ90y2ejMTQ7lHM3zHyZOcLMf;15671867; Product A
xKZkv6MLxrzpkYifdbV0gKkUv;15672778; Product C
MH1p7a5KYJ6utectM3A6g8u6K;15673310; Product C
zwmuVU5eGZFCHAOKidxtCUlRw;15673378; Product B
b8yBXtnUBAWTDltN891ZbRkXc;15673568; Product C
sG1TjkonANdnTqqYzj7c6GRaP;15675417; Product B
PPUl6CLitid9S0ocBg2D124Yl;15676253; Product C
eX0GNd5AqQGjujXco8P604E76;15677274; Product B
nsizq73gQkBXROo4v5SyZdGuU;15683068; Product C
8wLAbF0Oj8LnZRd8lX4PJ2lye;15683467; Product D
a1HXKXgGTUvn6nmbrp2evYYvV;15684551; Product B
qG4xDkzMQA5fIsX8IgsiHuEuB;15686157; Product B
8JRtqbySdL4mPd4A8AeElKS30;15686877; Product A
eSoU6FBpkLdyGfB3ySf4wX7Ax;15687287; Product C
IaK9ROubRyCgYFV0KI4XdYoRQ;15687909; Product B
wg9VVtj4QLCaFfxufwUQq9xAL;15691571; Product A
n94JAjlcA9sI4ZW3WL5O25Ls2;15692765; Product B
2ROwRmzvDcWwhBUodCg1OMtFp;15696473; Product C
i7v8FPP1HfTcgx2Q9CmoWGwaD;15696619; Product A
3hUapCcIkgmnV6Kkcl0WUu2tC;15699142; Product D
qbQ9OWysZuFWD8KqmQkud2LTt;15701671; Product C
sPPXq73B48SIKOVrnS240Wwwj;15703951; Product D
pQMG0tTfyOIgle6C31ooVqdYw;15704758; Product A
tSpCTbP2Dco1T0DpMxLkUDQdI;15706503; Product C
PpJx6GJLF71Q3Eg85CAxjncrG;15707639; Product A
GD6siK5EmovM7EuqajF1jLz1G;15712196; Product C
YQcSoWHNcUPxCZXyhzT1CXaVL;15712856; Product A
kpoEzE4lTHS039dfXBomX2nDl;15713953; Product D
CjUMtaHBlGmzRUOdltMs8nLhk;15713972; Product A
NVVKhObqI3jynEIZRydj8iI7R;15715255; Product A
8KKm1w3hqlhXss4vEv8X1sMYD;15717140; Product A
lT5KwR3HRH0jwmfGzpt1LLxEP;15717787; Product D
xdBarT0rgvcbqj0DnBfyVILtP;15717965; Product D
hKo37bw0a1xXDdtWkvqInHEng;15718119; Product A
thojFFjNvLW5TzIzE975DPWqM;15720789; Product D
86dkoaRYRBvx7knBrYpfrRIYP;15722380; Product B
XnvGbf2QQAIGyTwI7INwIto4J;15722823; Product B
d2fPUnlmjqMAtqTZktvc6thku;15723892; Product C
tRyYB69C7n2De09cRGVnVQQIn;15723969; Product A
kwHhTnfww8NAOiUd1tQEwgvkn;15724464; Product D
AQphFvuyhzVbCrdv6aatwXfqG;15724678; Product C
CaWnDSX1cNSmb3LrO5cy1oTUO;15724878; Product C
URuutiPX3MHCJADjuSvJcvREw;15726411; Product B
JgVRMvzRgnD1OBuXvBYSdPmuc;15727270; Product C
Jy6kdPCFaWxfFjxcE75tRFdp1;15727716; Product C
dbkXQgVGIqeLUGlE5MGsVXi7T;15730403; Product B
TULLx3XrzffjoTXp1MecThHLD;15733997; Product B
T5DamUKbroKWIWXNdT8vlFrMU;15734534; Product A
0NubmtJO0oeyC2X8nDPsC6IeG;15735182; Product B
LFOwnLqqCDiR6Lbqfl2dLlCF4;15736152; Product C
ZHJilEDuMkQtmNU7gEZNneQeB;15736184; Product C
xrCqj8PpXaDVUNiSPjC5mIC2w;15736748; Product D
eFygsAVj9rteBZxd3dvoihpdW;15737099; Product A
crOZdSIvX3KwCBYaDqFupYAYB;15742051; Product D
NApqd5D6XZBIbOaepqCJU2w4m;15742710; Product C
iRqRxPVejUZT2ADZqye8iKZAA;15744353; Product A
kBIrASaXv2ErG4G9Ezz7ki7Xa;15744713; Product A
m3B4x7LcW47ZdEtgolPZoNPTU;15746629; Product C
VlCPJ4uwwh0sqYuOqPo5XGN2e;15748527; Product B
LdYw8u6o72YJLvOPMnPYgwYjk;15749150; Product A
Q6khAf3XWyFjGGu5dcVNJYxfy;15750271; Product A
DEZ8ypUHQLlfCQ22ElNbbnP1v;15752092; Product B
0J2kYAQy0wrh9e4n4osYpCRHG;15753444; Product D
BKiaZ2gTwjWgbOXpirc3gZ5Tf;15753454; Product D
1vAIJz1JT3pNRD82J7vSa6ZFj;15754877; Product C
q2B0A2qWazxb1FxYQPWJquiQ7;15756192; Product B
z54fYPgtuTuJtKgnuW1oeRQoV;15760196; Product B
xzOi8leDCCTuGn5uU1GMBg1Ru;15760263; Product D
pRIq8Rp8vexnfAYSfKJ3VxT61;15761430; Product C
66HAzyTTwoCUJKJ60nqI44PeI;15761857; Product C
Gm8zOwrAwYH7WxPJBRsjckdYR;15763262; Product B
Wqfi4uJ9eoMlbFlPzChmm3t4W;15764170; Product C
38yACzxbVexNLrQku11RmZR0L;15765794; Product C
KjDhPh2A3CpBSKmA34b51YN0c;15766681; Product A
LzVyqQGOdUzTlCyazvWBkwN5B;15767145; Product A
JfkY2oKdGnbKs5TUAEJ1fnnrG;15768406; Product B
CFsZjq5ICDstWEvhmmcXZEnpL;15770111; Product B
wVAMJ9O88QjxnVdLazqOuBshK;15772518; Product A
TFHkylSK0EZA4hU8dAi7QhuJk;15772821; Product A
u2pdjpsWyo9clNFi6YM3Z8DSE;15773974; Product C
cixvNUmC6SqImgGxXASZg6nAk;15775198; Product B
5e0QzxdY5zs3P39fj0SbUxg10;15775690; Product B
ICBbrqoVmX5JFfeMy7UNBWeuF;15776724; Product D
dYf4K8yeSSGSMw6AidXRmuZUQ;15777710; Product A
CQt7MgjHbbLLTFDNGZgpC8UnE;15785295; Product A
5KGD4oqceoLZfriefQKfr27gL;15785981; Product C
WmQo4YK8jL8U1XyyPCaeceMDL;15788171; Product C
jxFT0Yz9uXgEYoQMCpvY1HBa7;15788758; Product D
jGARNUZrsIEuCu9zUNyWsMdrA;15790164; Product D
UhIAYsDrmFpibl6FRDE5rMV10;15790371; Product A
jI83MSKwXu8jvmUFSZpXArK3q;15794574; Product A
4FBxGGkwUAswnUKtjih6un6Ef;15795213; Product C
Sz45vFIGDV1BEKIkJwr7WakDo;15797267; Product D
92bIDUI66PRdtB1FvnMaxwvcS;15797742; Product C
SjrysCgARQUOZzuLBwkAUkRJo;15803148; Product C
Fo2aNYXsg2j5zzaDr90s5lyon;15803206; Product C
WWlyRDX8AsGnWUPYiYGjidGKI;15805318; Product B
v3SCoKvpUWr7p6UtweytBWN2x;15807408; Product B
8zzOhMfSLTMcwnwFU9iqIoZNx;15808442; Product A
dGcymhnZLpu3V78saFUYFc4ma;15810264; Product A
RjsdG2aok42Njv3gaVKi12iwH;15811623; Product B
nB2qJIn0FnIDcubk7PJoC6KvA;15814726; Product C
3nmTgjY8vjpRJDLa02naBu3UE;15817454; Product D
NYIzJnznupeEsnWLbggM4xJrB;15819521; Product A
TPfDFzfyjBxxghEhoye0O6v0G;15821157; Product C
WSutiIBD88393jxYG2Ys7CO8t;15823905; Product D
RomyiR7DiHCRPrUXw9RT7EPcG;15824791; Product A
WHAelKxNfWp2Uw1D7ObTLhL3G;15825096; Product A
9IjD4E65NBxs7dVIutY1mz17u;15827598; Product D
QdWDAKKiDFnXPtvseVF2hNw06;15829881; Product C
hFjVqjXN7xG8yoFsKxcySbl0P;15833267; Product A
obPCsHnsCk3kOJPrMF7klC6QZ;15835289; Product A
Z3CJ2Oj1xSfnRbUnnOG728dnv;15835779; Product D
2GI3RrdTPvhuQBtjJ6EmAf3iH;15836490; Product C
iADrjTxsoWJmZs53CIjLC1yH4;15836768; Product C
CELwJJNCtRNcpsY0r1A6BlvHX;15838579; Product B
iIPsA3VBrqYWqI9d2ovr8xRqj;15840472; Product D
QmaPVEu7tuIVvuKMH3qs3FA7L;15840632; Product D
DDyq3w5jLgG2DHYUgqJG697Ye;15841446; Product C
0hbD0DUVaZb6wIQBQDvpLOrF6;15842790; Product A
SRLDph942sOgKkLjg6tByb9VQ;15843244; Product D
x6xJ5CmF9b4q57lLXLz7HYers;15843284; Product D
sKiUK7155kGg7gRRNsLLv3zR0;15843652; Product B
q9KQMflB8TA4QsRWo1yzZCg5o;15845135; Product D
Ekwv5OEtlyo3ZIWpF8A1Gvmvt;15845558; Product C
6hS9LCWJso1jmHbdzNxPjjdPG;15845684; Product B
g98eyrrt2ZilwsSO4lEBjy1Ce;15846440; Product A
hYqcW6dAOwoUEEwNpWKXoOscf;15848411; Product A
SZmrBLIZEvhPfZibFJYHkofyI;15848541; Product D
VjPxi2PhgAEET2xy1kbTsD53Z;15849047; Product C
hhw9lg977f4WsuFP2e1itR7C0;15849554; Product B
wGQWCWp5qhgXg3oHizgAO3TWX;15851171; Product B
7N9I5vOoILNrh57Sdt0YRUdE3;15851849; Product A
tUkmJq0QCEvDKVbKfrM0tP1l4;15852597; Product A
HfR1socjytEyIkUkWpnwZBxqI;15853906; Product A
NDTaTuKD7i9OjMA2qpObTaSRB;15854941; Product B
YiOP0dXtrxZFJJ7IMArJOpPQ6;15856703; Product C
RxkD8tQhm6TJwBFU8pqaZB9u6;15857936; Product C
1MaPy9VXL2kTVXKW3O50b5zIP;15860152; Product B
K3Kl7BqZVRKvIoFgLE7qOuIj9;15860892; Product A
8sxrMCpATWn6sZ6e81AVAzkWI;15863546; Product A
5T6ZJGPc9hK9oIVy3P9ZidSic;15865713; Product D
pbQOZqS478SiVVMfesYrrfcLX;15869466; Product B
OMcwj7lUTDDBk27NkrwXr0iIv;15869470; Product B
TXWK8iRqlcZW8HIc8OaFmlBh6;15873739; Product B
HbHuYBbIEmvh4AALuEBE7EkWV;15875427; Product A
9Lew9eRkC7Wq805HXmED905j6;15876044; Product A
kSRadaIGWwbDe1svLDaaF8aeN;15878849; Product D
PRwSdiUiCGEO6wEsOKelH9Szw;15879175; Product C
t3SmpI8GuSEDNcfhZnANMA53j;15879943; Product B
wuDIWMoV1P0gqro3cYlVdJ56t;15880099; Product A
qOJ2DuDXcpVnfQoxlJbJ1AACa;15882858; Product C
9ZCUjeWaV5m6bYgMK7IgFMgA9;15884792; Product A
68uiRYU4GwNumaLYyyqJ8yl9p;15885875; Product C
YuI0PHOQxOGtennexrcZ6nZF8;15886525; Product B
QrJuFZaq3yGso2kdQO2zn6xEw;15893706; Product A
XeQRdsLZ6FQFGUfrysRlG0k2T;15895625; Product C
ARbwuR7ywM0jXE2JbSnwSHI3B;15897377; Product A
ZfLNfZ6zExQzDsGUNgQjsBXlc;15901316; Product D
C4fUMlYGCLyMICwpddGXTjNcZ;15904646; Product B
XTMYHhB3LEgWd9EhkD0ATOhQ1;15904648; Product D
YlvvcUIRzhnIoIXldUhRIi3Cb;15905403; Product A
z8dHN4QPe2YvyKDw8kPADyOP1;15908926; Product D
B4sKxPwbouGLGmS97UPk7iZr6;15913930; Product A
psDrqaymMCE3qjsBPLr6GTcOn;15915928; Product D
jV0H60iAY22Mve2IaL5RgYvoP;15916389; Product D
ke2mkajmMC5YzDyxnWBXTPMwk;15916500; Product C
JwvuLWjYu2n2X0t5eihXG6HU3;15918143; Product B
EK6pz7cWUAD5R2Dsm7LFXCRrl;15921961; Product A
WtzR219hPKN7AJhnh6cYzWMxz;15922120; Product A
WBX1PGNtfPMI4Po25vE4fgtwN;15922748; Product C
7ZHOBOLLrDrm0IEAqYKM0bMet;15924907; Product B
eLGcjmK3sBmA0LJJJiIf50TQo;15925581; Product C
mZNKQLjZQzoHKWI5K7ajjwPPe;15926929; Product A
ODZ0Am8TrAjGhGVNOslSSM5Pj;15928264; Product D
DJiNKK4k39hhqlpNBSLueaQtE;15928332; Product B
kbZqlcnQ1SQcSon0hEEHq2ZYs;15928440; Product A
noc8GZzuvysJBtwswxjIRBuK4;15931299; Product B
WnN97snwBOjJYoKXZb0K8GR5i;15932515; Product B
OvnROJoqjn072m4c61I9CBdmF;15933785; Product D
0rW0Yrxg6077RGGvyHKtfr8WC;15934984; Product D
o13Oo08BaZrrumjgdeSCIeMLY;15935177; Product A
0VI4fQJRWKtKtsjuHsosit4pn;15936459; Product A
UBtECGWjlJ6tMfCt3Ts9gf2vG;15938022; Product B
pFh0GuiigH7JybkFqFWeyzMA3;15938151; Product B
G1sPvDobthemPH3A5KE20k9Uu;15940354; Product C
mUuwvwwErxvgPt6axNAcE4v11;15940384; Product D
89fh3NygAixjF9MoMwptF1SPm;15942181; Product A
MXd7WVZQmjbI8SXfKcBeN7x7f;15942434; Product B
GdmQhG7NZIcTQbBdOO4RHfqe3;15942653; Product B
LuJJDS7PTPtLr0qDZYrCjzSSo;15945737; Product C
7G5Zo9MQC0EPFtGFZddQFrj5N;15945773; Product A
kcLbdKuYPEafHkP8ZLpogwplT;15945946; Product B
Ltms7c07V40XgaWazxwy8BUI0;15946443; Product A
3eX1r2R2QLbp3rWxU7YSfy7Jq;15952819; Product D
Z6HnDcQhq2u4jnq2ykZD22xxu;15954426; Product B
dx43jULGzJZSqfrkupjHBtXI7;15957649; Product A
UNx6ZDXVHhP1CiB2xGK4BQCSD;15960493; Product B
nAgHOSFIKxWmA2kfPVCwS2q14;15960786; Product B
8NDR9i7mPDLbWiqFmLP4bAaFJ;15961598; Product A
T0FHsWitLXhVulqwN574e5t1c;15963255; Product B
h2NaQdphzTsc8clvgpcKxOaH5;15964203; Product D
pKxFnp0XmArhsgzQPENErHhjy;15965859; Product D
hXqDpXQiXotQRhhmUjRX7MO7q;15968547; Product C
WQj9ZhoDy3YZ1WC9Rq0oDr3FL;15974475; Product B
TPEAO770xf283apdaV7sqARB1;15974664; Product C
y8ya99vyWblLSOtwQcwk5BCNE;15980411; Product C
pUycxsb7fb1sy2UORvxvFdNvm;15982031; Product C
U7YR0308XFwqxcGEFFUtb5Htu;15982596; Product D
EhtvbiojocFIQTqPmKfIBYC3n;15984712; Product D
ryEioFK7GguUGTRdw4jfT6z2v;15985795; Product A
crIIg9XklGFXYCdBSlApr3jaD;15988385; Product C
RH03wOvr4Y2CgUJvaYeAke83K;15988846; Product B
mhlB94Yd19dkHezLoS0q8MzX9;15989348; Product C
tzNjlMly0i2lpkq0RvGfeeWTN;15989446; Product A
Y0KwORI9Gx6tjRQ1MNqsYYPpC;15991180; Product D
ujEdVKpOiFAtb38FLbA9t374q;15993012; Product D
hsxjZyLEbUJra2mdttK4mvYQw;15993219; Product D
5JYvVXoteuAREsKsH0x9Vv6T2;15994348; Product C
cOiozSBvBuzzL8LZMOzF5p898;15995435; Product A
3ItSvnnYi6PBV0SHm4QcZHNZt;15996139; Product B
8TmfTP2szXRhZkIAaNzm36frt;15996237; Product B
rCxRJ0LgXSmnyMjDMUNF0KomN;15999777; Product D
